Combination,SVM Accuracy,SVM AUC,KNN Accuracy,KNN AUC,Random Forest Accuracy,Random Forest AUC,Logistic Regression Accuracy,Logistic Regression AUC,XGB Accuracy,XGB AUC
Acute_AEI_Delta_PSD,0.538461538461538,0.35,0.615384615384615,0.4875,0.615384615384615,0.4875,0.538461538461538,0.375,0.615384615384615,0.5
Acute_AEI_Delta_PSDPCA,0.769230769230769,0.875,0.615384615384615,0.725,0.692307692307692,0.7125,0.769230769230769,0.825,0.615384615384615,0.6125
Acute_AEI_Theta_PSD,0.538461538461538,0.875,0.615384615384615,0.6,0.615384615384615,0.6,0.692307692307692,0.825,0.615384615384615,0.7
Acute_AEI_Theta_PSDPCA,0.615384615384615,0.75,0.692307692307692,0.6125,0.538461538461538,0.6125,0.615384615384615,0.75,0.615384615384615,0.7
Acute_AEI_Alpha_PSD,0.615384615384615,0.625,0.615384615384615,0.475,0.615384615384615,0.5625,0.615384615384615,0.375,0.615384615384615,0.6125
Acute_AEI_Alpha_PSDPCA,0.615384615384615,0.75,0.615384615384615,0.8125,0.692307692307692,0.8625,0.615384615384615,0.7,0.692307692307692,0.725
Acute_AEI_Beta_PSD,0.615384615384615,0.5,0.692307692307692,0.6,0.615384615384615,0.5125,0.615384615384615,0.375,0.615384615384615,0.65
Acute_AEI_Beta_PSDPCA,0.769230769230769,0.675,0.615384615384615,0.65,0.692307692307692,0.625,0.769230769230769,0.75,0.615384615384615,0.4875
Acute_AEI_HighBeta_PSD,0.538461538461538,0.575,0.615384615384615,0.4625,0.461538461538462,0.3625,0.538461538461538,0.5,0.615384615384615,0.575
Acute_AEI_HighBeta_PSDPCA,0.769230769230769,0.775,0.615384615384615,0.7125,0.692307692307692,0.625,0.692307692307692,0.8,0.615384615384615,0.7125
Acute_AEI_Gamma_PSD,0.538461538461538,0.45,0.615384615384615,0.8125,0.692307692307692,0.425,0.538461538461538,0.45,0.615384615384615,0.575
Acute_AEI_Gamma_PSDPCA,0.769230769230769,0.85,0.615384615384615,0.65,0.769230769230769,0.75,0.692307692307692,0.85,0.769230769230769,0.8125
Acute_AEI_All_PSD,0.615384615384615,0.45,0.615384615384615,0.575,0.615384615384615,0.45,0.538461538461538,0.6,0.692307692307692,0.5
Acute_AEI_All_PSDPCA,0.846153846153846,0.225,0.692307692307692,0.6875,0.769230769230769,0.8,0.769230769230769,0.725,0.692307692307692,0.7
Adjustment_AEI_Delta_PSD,0.5714285714285714,0.3469387755102041,0.5,0.2346938775510204,0.35714285714285715,0.32653061224489793,0.6428571428571429,0.673469387755102,0.5,0.5714285714285714
Adjustment_AEI_Delta_PSDPCA,0.8571428571428571,1.0,0.5714285714285714,0.826530612244898,0.8571428571428571,0.9591836734693877,0.8571428571428571,1.0,0.7857142857142857,0.9285714285714285
Adjustment_AEI_Theta_PSD,0.5,0.38775510204081637,0.5,0.6326530612244898,0.5,0.5612244897959184,0.6428571428571429,0.5918367346938775,0.5714285714285714,0.6122448979591837
Adjustment_AEI_Theta_PSDPCA,0.8571428571428571,1.0,0.6428571428571429,0.8979591836734694,0.7857142857142857,0.9693877551020409,0.8571428571428571,1.0,0.7857142857142857,0.9795918367346939
Adjustment_AEI_Alpha_PSD,0.5,0.36734693877551017,0.5,0.3979591836734694,0.6428571428571429,0.6428571428571428,0.5714285714285714,0.653061224489796,0.5,0.4897959183673469
Adjustment_AEI_Alpha_PSDPCA,0.8571428571428571,0.9591836734693878,0.5,0.663265306122449,0.7857142857142857,0.8571428571428571,0.8571428571428571,0.9183673469387754,0.7857142857142857,0.9387755102040816
Adjustment_AEI_Beta_PSD,0.35714285714285715,0.326530612244898,0.5,0.5918367346938775,0.42857142857142855,0.4897959183673469,0.42857142857142855,0.346938775510204,0.5,0.673469387755102
Adjustment_AEI_Beta_PSDPCA,0.8571428571428571,0.9387755102040816,0.7857142857142857,0.9795918367346939,0.7142857142857143,1.0,0.8571428571428571,0.9183673469387754,0.7857142857142857,1.0
Adjustment_AEI_HighBeta_PSD,0.42857142857142855,0.4489795918367347,0.5,0.7959183673469388,0.5,0.836734693877551,0.5,0.42857142857142855,0.5,0.7959183673469388
Adjustment_AEI_HighBeta_PSDPCA,0.8571428571428571,0.9591836734693878,0.7857142857142857,0.8775510204081634,0.9285714285714286,0.9285714285714286,0.8571428571428571,0.9387755102040816,0.9285714285714286,0.8877551020408163
Adjustment_AEI_Gamma_PSD,0.35714285714285715,0.28571428571428575,0.42857142857142855,0.23469387755102042,0.5,0.45918367346938777,0.2857142857142857,0.28571428571428575,0.5,0.6020408163265305
Adjustment_AEI_Gamma_PSDPCA,0.8571428571428571,0.9183673469387754,0.7857142857142857,0.8979591836734694,0.9285714285714286,0.9489795918367346,0.8571428571428571,0.9183673469387754,0.9285714285714286,0.9795918367346939
Adjustment_AEI_All_PSD,0.42857142857142855,0.4897959183673469,0.42857142857142855,0.6938775510204082,0.35714285714285715,0.4693877551020408,0.5,0.4897959183673469,0.5714285714285714,0.5918367346938775
Adjustment_AEI_All_PSDPCA,0.8571428571428571,1.0,0.5,0.7142857142857142,0.8571428571428571,0.9795918367346939,0.8571428571428571,1.0,0.8571428571428571,1.0
Alcohol_AEI_Delta_PSD,0.42105263157894735,0.7,0.7368421052631579,0.6611111111111112,0.631578947368421,0.6388888888888888,0.47368421052631576,0.3,0.5789473684210527,0.6222222222222221
Alcohol_AEI_Delta_PSDPCA,0.7894736842105263,0.788888888888889,0.47368421052631576,0.6055555555555555,0.631578947368421,0.7666666666666666,0.7894736842105263,0.8,0.6842105263157895,0.7444444444444445
Alcohol_AEI_Theta_PSD,0.47368421052631576,0.4388888888888889,0.5263157894736842,0.46111111111111114,0.5263157894736842,0.36666666666666664,0.5263157894736842,0.4888888888888889,0.3157894736842105,0.2222222222222222
Alcohol_AEI_Theta_PSDPCA,0.7894736842105263,0.8666666666666667,0.5789473684210527,0.7277777777777777,0.5789473684210527,0.6888888888888889,0.7368421052631579,0.8666666666666667,0.631578947368421,0.6222222222222222
Alcohol_AEI_Alpha_PSD,0.3684210526315789,0.22777777777777775,0.631578947368421,0.5277777777777778,0.5789473684210527,0.41111111111111115,0.3684210526315789,0.26666666666666666,0.7894736842105263,0.8999999999999999
Alcohol_AEI_Alpha_PSDPCA,0.42105263157894735,0.4222222222222223,0.3684210526315789,0.5055555555555555,0.5263157894736842,0.45555555555555555,0.3684210526315789,0.43333333333333335,0.5789473684210527,0.4333333333333333
Alcohol_AEI_Beta_PSD,0.7368421052631579,0.6666666666666667,0.5263157894736842,0.5555555555555556,0.631578947368421,0.6888888888888889,0.7368421052631579,0.6,0.631578947368421,0.7111111111111111
Alcohol_AEI_Beta_PSDPCA,0.6842105263157895,0.8111111111111111,0.6842105263157895,0.8222222222222222,0.6842105263157895,0.8222222222222222,0.6842105263157895,0.7888888888888889,0.631578947368421,0.8333333333333333
Alcohol_AEI_HighBeta_PSD,0.631578947368421,0.36111111111111105,0.47368421052631576,0.4111111111111111,0.5263157894736842,0.5722222222222222,0.6842105263157895,0.7444444444444445,0.3684210526315789,0.19444444444444445
Alcohol_AEI_HighBeta_PSDPCA,0.7894736842105263,0.8333333333333333,0.7368421052631579,0.8111111111111111,0.7368421052631579,0.6388888888888888,0.7894736842105263,0.8333333333333333,0.7368421052631579,0.7555555555555555
Alcohol_AEI_Gamma_PSD,0.3157894736842105,0.2777777777777778,0.5263157894736842,0.6111111111111112,0.47368421052631576,0.5444444444444445,0.2631578947368421,0.2777777777777778,0.47368421052631576,0.5222222222222223
Alcohol_AEI_Gamma_PSDPCA,0.8421052631578947,0.8222222222222222,0.8421052631578947,0.8055555555555556,0.7894736842105263,0.9166666666666667,0.8421052631578947,0.7888888888888889,0.7368421052631579,0.7722222222222221
Alcohol_AEI_All_PSD,0.2631578947368421,0.7222222222222223,0.5789473684210527,0.5666666666666667,0.5789473684210527,0.5833333333333333,0.3157894736842105,0.3111111111111111,0.5263157894736842,0.4888888888888889
Alcohol_AEI_All_PSDPCA,0.631578947368421,0.6555555555555556,0.5263157894736842,0.5666666666666667,0.5263157894736842,0.6666666666666666,0.631578947368421,0.6666666666666666,0.5789473684210527,0.6555555555555554
Behavioral_AEI_Delta_PSD,0.47368421052631576,0.6333333333333333,0.631578947368421,0.5111111111111111,0.5789473684210527,0.5666666666666667,0.5263157894736842,0.6666666666666666,0.3684210526315789,0.3111111111111111
Behavioral_AEI_Delta_PSDPCA,0.47368421052631576,0.6,0.5789473684210527,0.5388888888888889,0.6842105263157895,0.6777777777777778,0.5263157894736842,0.6111111111111112,0.631578947368421,0.6833333333333333
Behavioral_AEI_Theta_PSD,0.42105263157894735,0.6222222222222222,0.47368421052631576,0.3388888888888889,0.3684210526315789,0.36666666666666664,0.47368421052631576,0.48888888888888893,0.3157894736842105,0.3388888888888889
Behavioral_AEI_Theta_PSDPCA,0.5789473684210527,0.4666666666666666,0.5263157894736842,0.4444444444444444,0.42105263157894735,0.42222222222222217,0.5263157894736842,0.45555555555555555,0.42105263157894735,0.4722222222222222
Behavioral_AEI_Alpha_PSD,0.5789473684210527,0.4888888888888889,0.631578947368421,0.5833333333333334,0.5789473684210527,0.5611111111111111,0.47368421052631576,0.5333333333333333,0.5789473684210527,0.6277777777777778
Behavioral_AEI_Alpha_PSDPCA,0.42105263157894735,0.45555555555555555,0.631578947368421,0.5277777777777779,0.42105263157894735,0.5277777777777778,0.3684210526315789,0.4111111111111111,0.631578947368421,0.7222222222222222
Behavioral_AEI_Beta_PSD,0.631578947368421,0.7,0.47368421052631576,0.5,0.5263157894736842,0.47777777777777775,0.6842105263157895,0.7555555555555555,0.47368421052631576,0.3555555555555555
Behavioral_AEI_Beta_PSDPCA,0.47368421052631576,0.34444444444444444,0.5263157894736842,0.36666666666666664,0.3684210526315789,0.39999999999999997,0.3684210526315789,0.34444444444444444,0.5789473684210527,0.5333333333333333
Behavioral_AEI_HighBeta_PSD,0.42105263157894735,0.35555555555555557,0.3684210526315789,0.42222222222222217,0.5263157894736842,0.5944444444444444,0.42105263157894735,0.4111111111111111,0.5263157894736842,0.5111111111111111
Behavioral_AEI_HighBeta_PSDPCA,0.47368421052631576,0.4444444444444444,0.47368421052631576,0.5833333333333333,0.47368421052631576,0.40555555555555556,0.5263157894736842,0.4444444444444444,0.42105263157894735,0.4111111111111111
Behavioral_AEI_Gamma_PSD,0.3684210526315789,0.2,0.3684210526315789,0.3111111111111111,0.2631578947368421,0.28888888888888886,0.3684210526315789,0.24444444444444446,0.3157894736842105,0.21666666666666662
Behavioral_AEI_Gamma_PSDPCA,0.5263157894736842,0.45555555555555555,0.5789473684210527,0.6055555555555556,0.6842105263157895,0.6777777777777777,0.47368421052631576,0.4333333333333333,0.6842105263157895,0.7444444444444445
Behavioral_AEI_All_PSD,0.47368421052631576,0.5222222222222221,0.42105263157894735,0.3222222222222222,0.3157894736842105,0.23333333333333334,0.42105263157894735,0.35555555555555557,0.5789473684210527,0.5666666666666667
Behavioral_AEI_All_PSDPCA,0.5789473684210527,0.6666666666666666,0.42105263157894735,0.4,0.5263157894736842,0.6,0.5789473684210527,0.5888888888888888,0.47368421052631576,0.44999999999999996
Bipolar_AEI_Delta_PSD,0.4375,0.546875,0.4375,0.40625,0.4375,0.6015625,0.5,0.546875,0.4375,0.53125
Bipolar_AEI_Delta_PSDPCA,0.875,0.859375,0.875,1.0,0.75,0.9140625,0.875,0.890625,0.875,0.90625
Bipolar_AEI_Theta_PSD,0.5625,0.59375,0.4375,0.6484375,0.4375,0.5390625,0.5,0.546875,0.625,0.5703125
Bipolar_AEI_Theta_PSDPCA,0.9375,0.984375,0.8125,0.96875,0.9375,0.984375,0.9375,0.984375,0.8125,0.890625
Bipolar_AEI_Alpha_PSD,0.5625,0.40625,0.5625,0.4765625,0.625,0.578125,0.5625,0.625,0.5,0.546875
Bipolar_AEI_Alpha_PSDPCA,0.75,0.84375,0.8125,0.890625,0.75,0.8671875,0.75,0.859375,0.75,0.8125
Bipolar_AEI_Beta_PSD,0.5625,0.453125,0.375,0.34375,0.375,0.3359375,0.4375,0.453125,0.5,0.3984375
Bipolar_AEI_Beta_PSDPCA,0.875,0.984375,0.75,0.9453125,0.9375,1.0,0.875,0.984375,0.875,0.9375
Bipolar_AEI_HighBeta_PSD,0.375,0.5625,0.5625,0.546875,0.5,0.65625,0.625,0.609375,0.625,0.6328125
Bipolar_AEI_HighBeta_PSDPCA,0.875,0.984375,0.8125,0.9609375,0.8125,0.9140625,0.875,0.984375,0.875,0.953125
Bipolar_AEI_Gamma_PSD,0.6875,0.171875,0.625,0.71875,0.25,0.265625,0.625,0.859375,0.4375,0.28125
Bipolar_AEI_Gamma_PSDPCA,0.875,0.9375,0.9375,0.9921875,0.8125,0.9375,0.875,0.96875,0.75,0.921875
Bipolar_AEI_All_PSD,0.625,0.625,0.5625,0.6640625,0.75,0.7421875,0.625,0.59375,0.6875,0.765625
Bipolar_AEI_All_PSDPCA,1.0,1.0,0.6875,0.9140625,0.875,0.9453125,1.0,1.0,0.875,0.96875
Depressive_AEI_Delta_PSD,0.5862068965517241,0.6052631578947367,0.6551724137931034,0.4684210526315789,0.6206896551724138,0.5394736842105263,0.6551724137931034,0.631578947368421,0.6551724137931034,0.5842105263157895
Depressive_AEI_Delta_PSDPCA,0.7241379310344828,0.8052631578947368,0.7586206896551724,0.8236842105263159,0.8275862068965517,0.8026315789473684,0.7241379310344828,0.7947368421052632,0.8275862068965517,0.8105263157894735
Depressive_AEI_Theta_PSD,0.6551724137931034,0.5736842105263158,0.5172413793103449,0.4157894736842105,0.6551724137931034,0.41052631578947363,0.5862068965517241,0.41578947368421054,0.6551724137931034,0.5526315789473684
Depressive_AEI_Theta_PSDPCA,0.6896551724137931,0.7526315789473684,0.6551724137931034,0.8157894736842104,0.6896551724137931,0.6552631578947369,0.6896551724137931,0.7526315789473683,0.6551724137931034,0.7657894736842106
Depressive_AEI_Alpha_PSD,0.6551724137931034,0.5947368421052632,0.5517241379310345,0.3684210526315789,0.5862068965517241,0.6,0.5862068965517241,0.4894736842105263,0.6206896551724138,0.5605263157894737
Depressive_AEI_Alpha_PSDPCA,0.7586206896551724,0.7894736842105263,0.7241379310344828,0.7210526315789474,0.6896551724137931,0.7210526315789474,0.7586206896551724,0.7947368421052632,0.6896551724137931,0.7894736842105263
Depressive_AEI_Beta_PSD,0.6551724137931034,0.34736842105263155,0.5862068965517241,0.6289473684210526,0.5862068965517241,0.5736842105263158,0.6896551724137931,0.6631578947368421,0.5862068965517241,0.4631578947368421
Depressive_AEI_Beta_PSDPCA,0.6896551724137931,0.8105263157894735,0.7931034482758621,0.7999999999999999,0.7931034482758621,0.8447368421052631,0.6896551724137931,0.8210526315789473,0.7241379310344828,0.831578947368421
Depressive_AEI_HighBeta_PSD,0.6896551724137931,0.4473684210526316,0.6206896551724138,0.5789473684210527,0.6896551724137931,0.5210526315789473,0.5862068965517241,0.6157894736842106,0.6896551724137931,0.6263157894736842
Depressive_AEI_HighBeta_PSDPCA,0.7241379310344828,0.7842105263157895,0.7241379310344828,0.8131578947368421,0.6896551724137931,0.8184210526315789,0.7241379310344828,0.7842105263157895,0.7586206896551724,0.8236842105263158
Depressive_AEI_Gamma_PSD,0.6551724137931034,0.36315789473684207,0.5862068965517241,0.39210526315789473,0.6551724137931034,0.5473684210526315,0.5862068965517241,0.4473684210526315,0.6206896551724138,0.4526315789473684
Depressive_AEI_Gamma_PSDPCA,0.7931034482758621,0.7789473684210526,0.6896551724137931,0.8078947368421053,0.6896551724137931,0.813157894736842,0.7931034482758621,0.7894736842105262,0.6896551724137931,0.75
Depressive_AEI_All_PSD,0.5862068965517241,0.5842105263157894,0.6896551724137931,0.8105263157894737,0.6551724137931034,0.6789473684210526,0.5172413793103449,0.5736842105263158,0.6551724137931034,0.6289473684210526
Depressive_AEI_All_PSDPCA,0.7241379310344828,0.7736842105263158,0.7241379310344828,0.7710526315789473,0.7241379310344828,0.7947368421052632,0.7241379310344828,0.7789473684210525,0.7586206896551724,0.8894736842105263
Panic_AEI_Delta_PSD,0.625,0.49090909090909085,0.6875,0.7181818181818181,0.5,0.30000000000000004,0.5625,0.4181818181818182,0.5625,0.16363636363636364
Panic_AEI_Delta_PSDPCA,0.8125,0.6727272727272727,0.6875,0.5727272727272728,0.6875,0.7545454545454545,0.75,0.6727272727272727,0.6875,0.7636363636363637
Panic_AEI_Theta_PSD,0.5625,0.7636363636363637,0.625,0.4818181818181818,0.5,0.28181818181818186,0.5625,0.38181818181818183,0.625,0.33636363636363636
Panic_AEI_Theta_PSDPCA,0.75,0.7636363636363637,0.6875,0.7818181818181819,0.6875,0.7,0.75,0.7636363636363637,0.75,0.6545454545454545
Panic_AEI_Alpha_PSD,0.6875,0.5454545454545454,0.5625,0.4272727272727273,0.5,0.4636363636363636,0.625,0.5272727272727273,0.625,0.42727272727272725
Panic_AEI_Alpha_PSDPCA,0.6875,0.7454545454545455,0.8125,0.6090909090909091,0.625,0.7,0.6875,0.7636363636363637,0.6875,0.6818181818181818
Panic_AEI_Beta_PSD,0.6875,0.5636363636363637,0.6875,0.6363636363636364,0.6875,0.6909090909090909,0.5625,0.49090909090909096,0.75,0.9090909090909091
Panic_AEI_Beta_PSDPCA,0.8125,0.7090909090909091,0.75,0.7090909090909092,0.6875,0.6,0.8125,0.7272727272727273,0.6875,0.6545454545454545
Panic_AEI_HighBeta_PSD,0.6875,0.21818181818181817,0.625,0.5181818181818182,0.75,0.7909090909090909,0.6875,0.7454545454545455,0.8125,0.8181818181818182
Panic_AEI_HighBeta_PSDPCA,0.75,0.7272727272727273,0.6875,0.6090909090909091,0.6875,0.6000000000000001,0.75,0.7272727272727273,0.75,0.7727272727272727
Panic_AEI_Gamma_PSD,0.6875,0.6181818181818182,0.5625,0.28181818181818186,0.5625,0.49090909090909096,0.6875,0.5454545454545455,0.5,0.4181818181818182
Panic_AEI_Gamma_PSDPCA,0.8125,0.7636363636363637,0.6875,0.5636363636363636,0.75,0.7818181818181817,0.8125,0.7636363636363637,0.8125,0.7909090909090909
Panic_AEI_All_PSD,0.5,0.36363636363636365,0.5,0.23636363636363633,0.375,0.2181818181818182,0.375,0.4,0.5625,0.35454545454545455
Panic_AEI_All_PSDPCA,0.75,0.7636363636363637,0.75,0.6181818181818182,0.75,0.6727272727272727,0.75,0.7454545454545455,0.6875,0.6090909090909091
PTSD_AEI_Delta_PSD,0.4666666666666667,0.7727272727272727,0.8,0.8409090909090909,0.6666666666666666,0.5227272727272727,0.5333333333333333,0.38636363636363635,0.7333333333333333,0.7727272727272727
PTSD_AEI_Delta_PSDPCA,0.8666666666666667,0.8636363636363636,0.8,0.6363636363636364,0.7333333333333333,0.8522727272727273,0.8666666666666667,0.8636363636363636,0.9333333333333333,0.8977272727272727
PTSD_AEI_Theta_PSD,0.7333333333333333,0.6818181818181819,0.6666666666666666,0.6818181818181819,0.8,0.6136363636363635,0.6,0.5227272727272727,0.8,0.7727272727272727
PTSD_AEI_Theta_PSDPCA,0.8666666666666667,0.8409090909090908,0.8666666666666667,0.75,0.9333333333333333,0.9204545454545454,0.8,0.8636363636363635,0.8666666666666667,0.9318181818181819
PTSD_AEI_Alpha_PSD,0.6,0.2727272727272727,0.7333333333333333,0.38636363636363635,0.4666666666666667,0.34090909090909094,0.5333333333333333,0.20454545454545456,0.6666666666666666,0.40909090909090906
PTSD_AEI_Alpha_PSDPCA,0.8666666666666667,0.8863636363636362,0.5333333333333333,0.48863636363636365,0.8,0.7159090909090909,0.8666666666666667,0.8409090909090909,0.8,0.5681818181818181
PTSD_AEI_Beta_PSD,0.6,0.6818181818181818,0.6666666666666666,0.3181818181818182,0.6666666666666666,0.20454545454545453,0.6,0.45454545454545453,0.7333333333333333,0.8181818181818182
PTSD_AEI_Beta_PSDPCA,0.8666666666666667,0.9090909090909091,0.8666666666666667,0.9545454545454546,0.8,0.9431818181818181,0.8666666666666667,0.9090909090909091,0.8666666666666667,0.9545454545454545
PTSD_AEI_HighBeta_PSD,0.6,0.3181818181818182,0.4666666666666667,0.13636363636363635,0.7333333333333333,0.6363636363636364,0.6666666666666666,0.5,0.7333333333333333,0.6931818181818181
PTSD_AEI_HighBeta_PSDPCA,0.9333333333333333,0.9318181818181819,0.8666666666666667,0.875,0.8666666666666667,1.0,0.9333333333333333,0.9090909090909091,0.9333333333333333,0.9318181818181818
PTSD_AEI_Gamma_PSD,0.7333333333333333,0.36363636363636365,0.6666666666666666,0.36363636363636365,0.5333333333333333,0.4090909090909091,0.6666666666666666,0.5909090909090909,0.8,0.6022727272727273
PTSD_AEI_Gamma_PSDPCA,0.9333333333333333,0.8636363636363636,0.8666666666666667,0.8977272727272727,0.9333333333333333,0.909090909090909,0.9333333333333333,0.8636363636363636,0.8666666666666667,0.7954545454545454
PTSD_AEI_All_PSD,0.4,0.5227272727272727,0.6,0.25,0.7333333333333333,0.43181818181818177,0.4666666666666667,0.36363636363636365,0.8,0.5568181818181819
PTSD_AEI_All_PSDPCA,0.8666666666666667,0.9318181818181818,0.6666666666666666,0.4545454545454546,0.7333333333333333,0.7727272727272728,0.8666666666666667,0.9090909090909091,0.8666666666666667,0.8181818181818181
Social_AEI_Delta_PSD,0.26666666666666666,0.4285714285714286,0.6,0.5714285714285714,0.6666666666666666,0.6696428571428572,0.26666666666666666,0.2857142857142857,0.5333333333333333,0.48214285714285715
Social_AEI_Delta_PSDPCA,0.7333333333333333,0.7678571428571428,0.7333333333333333,0.6160714285714286,0.6666666666666666,0.75,0.6,0.7678571428571428,0.6666666666666666,0.6607142857142857
Social_AEI_Theta_PSD,0.5333333333333333,0.39285714285714285,0.4666666666666667,0.625,0.4666666666666667,0.5357142857142857,0.4666666666666667,0.5892857142857142,0.5333333333333333,0.26785714285714285
Social_AEI_Theta_PSDPCA,0.8,0.8214285714285714,0.6,0.7232142857142857,0.6,0.8035714285714286,0.7333333333333333,0.8214285714285714,0.7333333333333333,0.8928571428571428
Social_AEI_Alpha_PSD,0.5333333333333333,0.6964285714285714,0.5333333333333333,0.7321428571428572,0.5333333333333333,0.5089285714285714,0.4,0.375,0.5333333333333333,0.875
Social_AEI_Alpha_PSDPCA,0.6,0.6785714285714286,0.6,0.5357142857142857,0.6666666666666666,0.6160714285714286,0.6,0.6785714285714286,0.7333333333333333,0.7232142857142858
Social_AEI_Beta_PSD,0.4,0.3571428571428571,0.5333333333333333,0.6071428571428572,0.6,0.5357142857142856,0.4,0.5714285714285714,0.6,0.7142857142857143
Social_AEI_Beta_PSDPCA,0.5333333333333333,0.6785714285714285,0.7333333333333333,0.6428571428571429,0.6,0.6964285714285714,0.6,0.6428571428571428,0.6,0.6875
Social_AEI_HighBeta_PSD,0.6666666666666666,0.30357142857142855,0.4,0.3214285714285714,0.6,0.42857142857142855,0.6666666666666666,0.8214285714285714,0.6,0.5267857142857142
Social_AEI_HighBeta_PSDPCA,0.5333333333333333,0.6428571428571428,0.6,0.6696428571428571,0.5333333333333333,0.625,0.6,0.625,0.6666666666666666,0.6875
Social_AEI_Gamma_PSD,0.6,0.4642857142857143,0.5333333333333333,0.5446428571428571,0.3333333333333333,0.41964285714285715,0.6,0.6071428571428571,0.5333333333333333,0.42857142857142855
Social_AEI_Gamma_PSDPCA,0.5333333333333333,0.625,0.6,0.6964285714285714,0.6666666666666666,0.7767857142857143,0.5333333333333333,0.6428571428571428,0.8,0.8392857142857143
Social_AEI_All_PSD,0.4666666666666667,0.5892857142857143,0.6,0.5089285714285714,0.5333333333333333,0.375,0.4666666666666667,0.5714285714285714,0.5333333333333333,0.375
Social_AEI_All_PSDPCA,0.7333333333333333,0.7321428571428571,0.6666666666666666,0.6160714285714286,0.6,0.7053571428571429,0.6666666666666666,0.75,0.6666666666666666,0.6785714285714286
Acute_AEI_Delta_FC,0.38461538461538464,0.05,0.6153846153846154,0.6375,0.6153846153846154,0.6,0.46153846153846156,0.05,0.6153846153846154,0.5
Acute_AEI_Delta_FCPCA,0.5384615384615384,0.675,0.6153846153846154,0.5375000000000001,0.6153846153846154,0.3375,0.46153846153846156,0.625,0.6153846153846154,0.42500000000000004
Acute_AEI_Theta_FC,0.38461538461538464,0.675,0.6153846153846154,0.1625,0.6153846153846154,0.3,0.46153846153846156,0.3,0.6153846153846154,0.7250000000000001
Acute_AEI_Theta_FCPCA,0.6923076923076923,0.6,0.6153846153846154,0.7500000000000001,0.6153846153846154,0.625,0.6923076923076923,0.7,0.6153846153846154,0.36250000000000004
Acute_AEI_Alpha_FC,0.6153846153846154,0.6000000000000001,0.6153846153846154,0.37500000000000006,0.46153846153846156,0.15,0.5384615384615384,0.475,0.6153846153846154,0.45
Acute_AEI_Alpha_FCPCA,0.6153846153846154,0.625,0.6153846153846154,0.7250000000000001,0.6153846153846154,0.725,0.6923076923076923,0.6,0.6153846153846154,0.7375
Acute_AEI_Beta_FC,0.6153846153846154,0.65,0.6153846153846154,0.1125,0.6153846153846154,0.3,0.5384615384615384,0.55,0.6153846153846154,0.43750000000000006
Acute_AEI_Beta_FCPCA,0.6923076923076923,0.7,0.8461538461538461,0.8,0.6153846153846154,0.6375000000000001,0.6153846153846154,0.75,0.6153846153846154,0.525
Acute_AEI_HighBeta_FC,0.46153846153846156,0.8,0.6923076923076923,0.44999999999999996,0.6153846153846154,0.3875,0.46153846153846156,0.175,0.6153846153846154,0.2875
Acute_AEI_HighBeta_FCPCA,0.8461538461538461,0.975,0.7692307692307693,0.6375,0.6923076923076923,0.575,0.7692307692307693,0.9,0.6923076923076923,0.575
Acute_AEI_Gamma_FC,0.46153846153846156,0.5000000000000001,0.6153846153846154,0.25,0.5384615384615384,0.2,0.38461538461538464,0.35,0.6153846153846154,0.6875
Acute_AEI_Gamma_FCPCA,0.46153846153846156,0.325,0.6153846153846154,0.7375,0.6153846153846154,0.4625,0.46153846153846156,0.375,0.5384615384615384,0.625
Acute_AEI_All_FC,0.46153846153846156,0.525,0.6153846153846154,0.5,0.6923076923076923,0.5125,0.6153846153846154,0.55,0.6153846153846154,0.3875
Acute_AEI_All_FCPCA,0.6153846153846154,0.75,0.7692307692307693,0.675,0.6153846153846154,0.45,0.6923076923076923,0.775,0.6153846153846154,0.6000000000000001
Adjustment_AEI_Delta_FC,0.35714285714285715,0.30612244897959184,0.5,0.673469387755102,0.5,0.6224489795918368,0.35714285714285715,0.3877551020408163,0.5714285714285714,0.7142857142857143
Adjustment_AEI_Delta_FCPCA,0.7857142857142857,0.8571428571428572,0.6428571428571429,0.7653061224489796,0.7142857142857143,0.8775510204081632,0.7857142857142857,0.9183673469387755,0.5714285714285714,0.8163265306122449
Adjustment_AEI_Theta_FC,0.7142857142857143,0.2857142857142857,0.5,0.45918367346938777,0.5714285714285714,0.653061224489796,0.7142857142857143,0.8163265306122449,0.7857142857142857,0.8775510204081631
Adjustment_AEI_Theta_FCPCA,0.7142857142857143,0.8571428571428571,0.5,0.6632653061224489,0.5714285714285714,0.8367346938775511,0.7142857142857143,0.8775510204081632,0.5714285714285714,0.7551020408163266
Adjustment_AEI_Alpha_FC,0.42857142857142855,0.5714285714285714,0.42857142857142855,0.2755102040816326,0.5,0.29591836734693877,0.42857142857142855,0.5714285714285714,0.5,0.20408163265306123
Adjustment_AEI_Alpha_FCPCA,0.6428571428571429,0.653061224489796,0.6428571428571429,0.6836734693877551,0.7142857142857143,0.7346938775510204,0.6428571428571429,0.653061224489796,0.6428571428571429,0.8265306122448979
Adjustment_AEI_Beta_FC,0.6428571428571429,0.36734693877551017,0.5,0.5204081632653061,0.5,0.40816326530612246,0.2857142857142857,0.40816326530612246,0.5,0.5204081632653061
Adjustment_AEI_Beta_FCPCA,0.7857142857142857,0.8979591836734694,0.5,0.6326530612244897,0.5714285714285714,0.6326530612244898,0.7857142857142857,0.8775510204081632,0.5714285714285714,0.7755102040816326
Adjustment_AEI_HighBeta_FC,0.5,0.5714285714285714,0.5,0.3265306122448979,0.42857142857142855,0.5510204081632653,0.5,0.4897959183673469,0.5,0.29591836734693877
Adjustment_AEI_HighBeta_FCPCA,0.7142857142857143,0.8571428571428572,0.5,0.653061224489796,0.5,0.6734693877551021,0.7142857142857143,0.8571428571428572,0.5,0.7755102040816327
Adjustment_AEI_Gamma_FC,0.5,0.4285714285714286,0.5,0.47959183673469385,0.5,0.22448979591836732,0.5,0.6122448979591837,0.5,0.2142857142857143
Adjustment_AEI_Gamma_FCPCA,0.6428571428571429,0.653061224489796,0.5,0.7857142857142856,0.5,0.673469387755102,0.6428571428571429,0.8163265306122449,0.5714285714285714,0.8775510204081632
Adjustment_AEI_All_FC,0.6428571428571429,0.2653061224489796,0.5,0.3979591836734694,0.5,0.40816326530612246,0.6428571428571429,0.7551020408163265,0.5,0.6428571428571428
Adjustment_AEI_All_FCPCA,0.6428571428571429,0.6938775510204082,0.5714285714285714,0.7040816326530612,0.5714285714285714,0.47959183673469385,0.5,0.5510204081632653,0.5,0.6326530612244898
Alcohol_AEI_Delta_FC,0.5263157894736842,0.5333333333333333,0.47368421052631576,0.5666666666666667,0.3684210526315789,0.24999999999999997,0.47368421052631576,0.5,0.5263157894736842,0.4722222222222222
Alcohol_AEI_Delta_FCPCA,0.7368421052631579,0.7555555555555555,0.6842105263157895,0.5555555555555556,0.5789473684210527,0.6722222222222223,0.7894736842105263,0.7555555555555555,0.631578947368421,0.6555555555555554
Alcohol_AEI_Theta_FC,0.5789473684210527,0.5111111111111111,0.5789473684210527,0.5555555555555556,0.47368421052631576,0.6222222222222222,0.47368421052631576,0.5333333333333333,0.631578947368421,0.6388888888888888
Alcohol_AEI_Theta_FCPCA,0.7368421052631579,0.9111111111111112,0.7368421052631579,0.7999999999999999,0.631578947368421,0.8222222222222222,0.7368421052631579,0.9222222222222222,0.631578947368421,0.7722222222222223
Alcohol_AEI_Alpha_FC,0.631578947368421,0.38333333333333336,0.7368421052631579,0.6833333333333333,0.631578947368421,0.7166666666666667,0.5263157894736842,0.5777777777777777,0.5789473684210527,0.5777777777777778
Alcohol_AEI_Alpha_FCPCA,0.7368421052631579,0.8222222222222222,0.631578947368421,0.6611111111111111,0.6842105263157895,0.8388888888888889,0.631578947368421,0.8333333333333333,0.7894736842105263,0.8333333333333333
Alcohol_AEI_Beta_FC,0.631578947368421,0.41111111111111104,0.47368421052631576,0.4388888888888889,0.3157894736842105,0.3611111111111111,0.47368421052631576,0.5111111111111111,0.3684210526315789,0.35
Alcohol_AEI_Beta_FCPCA,0.6842105263157895,0.7888888888888889,0.5789473684210527,0.6277777777777778,0.5789473684210527,0.6944444444444445,0.6842105263157895,0.7777777777777778,0.5789473684210527,0.611111111111111
Alcohol_AEI_HighBeta_FC,0.5789473684210527,0.4111111111111111,0.6842105263157895,0.6166666666666666,0.5789473684210527,0.7277777777777777,0.5789473684210527,0.5888888888888889,0.47368421052631576,0.4611111111111111
Alcohol_AEI_HighBeta_FCPCA,0.7894736842105263,0.8444444444444444,0.47368421052631576,0.5055555555555555,0.7894736842105263,0.8999999999999999,0.7894736842105263,0.8444444444444444,0.8421052631578947,0.8444444444444444
Alcohol_AEI_Gamma_FC,0.631578947368421,0.41666666666666663,0.3157894736842105,0.36666666666666664,0.42105263157894735,0.4388888888888889,0.42105263157894735,0.3555555555555555,0.5789473684210527,0.42777777777777776
Alcohol_AEI_Gamma_FCPCA,0.7368421052631579,0.8666666666666667,0.5789473684210527,0.6,0.8947368421052632,0.8388888888888889,0.7368421052631579,0.8222222222222222,0.7894736842105263,0.8333333333333334
Alcohol_AEI_All_FC,0.6842105263157895,0.32222222222222224,0.7368421052631579,0.7388888888888889,0.7368421052631579,0.7555555555555555,0.7368421052631579,0.6555555555555556,0.6842105263157895,0.7222222222222222
Alcohol_AEI_All_FCPCA,0.7368421052631579,0.6777777777777778,0.5263157894736842,0.55,0.8421052631578947,0.9111111111111111,0.7894736842105263,0.7999999999999999,0.6842105263157895,0.6944444444444444
Behavioral_AEI_Delta_FC,0.3684210526315789,0.4222222222222223,0.5789473684210527,0.6277777777777778,0.42105263157894735,0.5166666666666666,0.3157894736842105,0.26666666666666666,0.47368421052631576,0.711111111111111
Behavioral_AEI_Delta_FCPCA,0.5263157894736842,0.5944444444444444,0.42105263157894735,0.49999999999999994,0.42105263157894735,0.38888888888888884,0.631578947368421,0.6555555555555556,0.47368421052631576,0.3222222222222222
Behavioral_AEI_Theta_FC,0.7368421052631579,0.13333333333333333,0.6842105263157895,0.6222222222222221,0.631578947368421,0.7055555555555556,0.7368421052631579,0.788888888888889,0.5789473684210527,0.6777777777777778
Behavioral_AEI_Theta_FCPCA,0.7368421052631579,0.7611111111111111,0.6842105263157895,0.7222222222222222,0.7894736842105263,0.7888888888888889,0.7894736842105263,0.7777777777777778,0.42105263157894735,0.4888888888888888
Behavioral_AEI_Alpha_FC,0.3157894736842105,0.3666666666666667,0.631578947368421,0.6055555555555556,0.3157894736842105,0.2833333333333333,0.3684210526315789,0.36666666666666664,0.47368421052631576,0.5055555555555555
Behavioral_AEI_Alpha_FCPCA,0.631578947368421,0.7444444444444445,0.631578947368421,0.5555555555555556,0.6842105263157895,0.6222222222222222,0.5789473684210527,0.7555555555555555,0.3684210526315789,0.33888888888888885
Behavioral_AEI_Beta_FC,0.3684210526315789,0.3111111111111111,0.5789473684210527,0.5777777777777777,0.47368421052631576,0.4388888888888889,0.3157894736842105,0.4,0.5789473684210527,0.4888888888888888
Behavioral_AEI_Beta_FCPCA,0.5263157894736842,0.7444444444444445,0.631578947368421,0.6444444444444444,0.8421052631578947,0.8333333333333334,0.5789473684210527,0.7444444444444445,0.8421052631578947,0.7777777777777778
Behavioral_AEI_HighBeta_FC,0.42105263157894735,0.6333333333333333,0.47368421052631576,0.41666666666666663,0.7894736842105263,0.75,0.42105263157894735,0.37777777777777777,0.6842105263157895,0.7888888888888888
Behavioral_AEI_HighBeta_FCPCA,0.5789473684210527,0.6444444444444444,0.5263157894736842,0.638888888888889,0.5789473684210527,0.6944444444444444,0.631578947368421,0.7444444444444445,0.6842105263157895,0.7166666666666667
Behavioral_AEI_Gamma_FC,0.631578947368421,0.46666666666666656,0.631578947368421,0.638888888888889,0.631578947368421,0.6666666666666666,0.47368421052631576,0.5,0.631578947368421,0.5611111111111111
Behavioral_AEI_Gamma_FCPCA,0.631578947368421,0.6333333333333333,0.631578947368421,0.5888888888888889,0.5263157894736842,0.4666666666666666,0.5789473684210527,0.5777777777777777,0.2631578947368421,0.3055555555555556
Behavioral_AEI_All_FC,0.42105263157894735,0.5888888888888889,0.631578947368421,0.5499999999999999,0.5789473684210527,0.6611111111111111,0.5263157894736842,0.6444444444444444,0.6842105263157895,0.7
Behavioral_AEI_All_FCPCA,0.6842105263157895,0.7833333333333333,0.5263157894736842,0.5,0.42105263157894735,0.5666666666666667,0.6842105263157895,0.6666666666666666,0.7894736842105263,0.8333333333333334
Bipolar_AEI_Delta_FC,0.4375,0.328125,0.625,0.5625,0.6875,0.5625,0.5,0.5,0.4375,0.5
Bipolar_AEI_Delta_FCPCA,0.6875,0.890625,0.4375,0.59375,0.625,0.8515625,0.875,0.90625,0.4375,0.609375
Bipolar_AEI_Theta_FC,0.5,0.328125,0.5,0.2890625,0.4375,0.3671875,0.3125,0.265625,0.6875,0.84375
Bipolar_AEI_Theta_FCPCA,0.75,0.875,0.5,0.515625,0.6875,0.71875,0.8125,0.859375,0.6875,0.8046875
Bipolar_AEI_Alpha_FC,0.5625,0.40625,0.625,0.8046875,0.6875,0.703125,0.5625,0.609375,0.5,0.546875
Bipolar_AEI_Alpha_FCPCA,0.5625,0.609375,0.75,0.7734375,0.6875,0.8671875,0.625,0.671875,0.75,0.78125
Bipolar_AEI_Beta_FC,0.5,0.703125,0.5,0.65625,0.5625,0.6171875,0.625,0.4375,0.4375,0.3125
Bipolar_AEI_Beta_FCPCA,0.8125,0.8125,0.4375,0.5078125,0.8125,0.8046875,0.8125,0.859375,0.875,0.96875
Bipolar_AEI_HighBeta_FC,0.5,0.5,0.5,0.40625,0.4375,0.5078125,0.5,0.4375,0.5625,0.5859375
Bipolar_AEI_HighBeta_FCPCA,0.6875,0.828125,0.6875,0.65625,0.6875,0.71875,0.75,0.828125,0.8125,0.921875
Bipolar_AEI_Gamma_FC,0.625,0.6875,0.5625,0.5078125,0.5625,0.53125,0.5625,0.609375,0.5625,0.453125
Bipolar_AEI_Gamma_FCPCA,0.6875,0.75,0.625,0.609375,0.5,0.859375,0.625,0.765625,0.4375,0.4375
Bipolar_AEI_All_FC,0.5625,0.296875,0.5,0.609375,0.5,0.5546875,0.625,0.71875,0.5,0.59375
Bipolar_AEI_All_FCPCA,0.5,0.546875,0.625,0.8125,0.5,0.6015625,0.5,0.546875,0.625,0.640625
Depressive_AEI_Delta_FC,0.4827586206896552,0.5473684210526316,0.6206896551724138,0.34210526315789475,0.6206896551724138,0.42105263157894735,0.5517241379310345,0.3789473684210526,0.6551724137931034,0.5342105263157895
Depressive_AEI_Delta_FCPCA,0.7241379310344828,0.8578947368421052,0.6551724137931034,0.781578947368421,0.7241379310344828,0.8842105263157894,0.7241379310344828,0.8736842105263158,0.7241379310344828,0.9315789473684211
Depressive_AEI_Theta_FC,0.3793103448275862,0.6631578947368422,0.5172413793103449,0.4368421052631579,0.4827586206896552,0.3421052631578947,0.41379310344827586,0.31052631578947365,0.6551724137931034,0.4473684210526316
Depressive_AEI_Theta_FCPCA,0.8620689655172413,0.9368421052631579,0.6896551724137931,0.6868421052631578,0.7586206896551724,0.7973684210526315,0.8620689655172413,0.9368421052631579,0.6551724137931034,0.5578947368421053
Depressive_AEI_Alpha_FC,0.3448275862068966,0.7263157894736841,0.6206896551724138,0.613157894736842,0.6551724137931034,0.4921052631578947,0.5862068965517241,0.49473684210526314,0.6896551724137931,0.6973684210526315
Depressive_AEI_Alpha_FCPCA,0.7241379310344828,0.8473684210526315,0.7241379310344828,0.6131578947368421,0.7931034482758621,0.8473684210526315,0.7586206896551724,0.8736842105263158,0.7586206896551724,0.7789473684210526
Depressive_AEI_Beta_FC,0.4482758620689655,0.6157894736842106,0.6551724137931034,0.47631578947368414,0.6206896551724138,0.4342105263157895,0.5517241379310345,0.38421052631578945,0.6551724137931034,0.6105263157894737
Depressive_AEI_Beta_FCPCA,0.8620689655172413,0.8894736842105262,0.7586206896551724,0.718421052631579,0.7241379310344828,0.881578947368421,0.7586206896551724,0.8789473684210527,0.6551724137931034,0.8052631578947368
Depressive_AEI_HighBeta_FC,0.5172413793103449,0.35789473684210527,0.4827586206896552,0.4631578947368421,0.6206896551724138,0.5052631578947369,0.7241379310344828,0.668421052631579,0.6896551724137931,0.5973684210526315
Depressive_AEI_HighBeta_FCPCA,0.7586206896551724,0.8578947368421053,0.6896551724137931,0.5184210526315789,0.7931034482758621,0.894736842105263,0.7586206896551724,0.8421052631578947,0.6896551724137931,0.7473684210526316
Depressive_AEI_Gamma_FC,0.6206896551724138,0.4421052631578947,0.5517241379310345,0.43157894736842106,0.5862068965517241,0.6105263157894737,0.6896551724137931,0.6999999999999998,0.6551724137931034,0.5210526315789473
Depressive_AEI_Gamma_FCPCA,0.7241379310344828,0.7578947368421053,0.6206896551724138,0.5236842105263158,0.7241379310344828,0.8605263157894737,0.7586206896551724,0.8,0.7241379310344828,0.8210526315789474
Depressive_AEI_All_FC,0.41379310344827586,0.41052631578947363,0.5517241379310345,0.5026315789473684,0.6896551724137931,0.5605263157894737,0.3793103448275862,0.3105263157894737,0.6551724137931034,0.7210526315789474
Depressive_AEI_All_FCPCA,0.8275862068965517,0.8526315789473684,0.6551724137931034,0.6947368421052631,0.5517241379310345,0.6499999999999999,0.7931034482758621,0.8263157894736842,0.6551724137931034,0.6473684210526315
Panic_AEI_Delta_FC,0.5,0.509090909090909,0.5625,0.13636363636363638,0.5625,0.40909090909090906,0.5625,0.509090909090909,0.625,0.6272727272727273
Panic_AEI_Delta_FCPCA,0.5625,0.5818181818181818,0.6875,0.6545454545454545,0.75,0.7909090909090909,0.625,0.6181818181818182,0.875,0.8181818181818181
Panic_AEI_Theta_FC,0.625,0.6727272727272727,0.625,0.7454545454545454,0.6875,0.7272727272727273,0.625,0.5636363636363637,0.5,0.6363636363636364
Panic_AEI_Theta_FCPCA,0.75,0.8,0.5625,0.6818181818181819,0.6875,0.7363636363636364,0.6875,0.8181818181818182,0.8125,0.7636363636363638
Panic_AEI_Alpha_FC,0.375,0.7090909090909091,0.75,0.6,0.5625,0.2727272727272727,0.4375,0.32727272727272727,0.625,0.4636363636363637
Panic_AEI_Alpha_FCPCA,0.625,0.7272727272727273,0.5625,0.3636363636363637,0.5625,0.5454545454545454,0.625,0.7090909090909091,0.625,0.7272727272727272
Panic_AEI_Beta_FC,0.4375,0.5454545454545454,0.625,0.3545454545454545,0.4375,0.08181818181818182,0.5625,0.6363636363636364,0.5,0.3
Panic_AEI_Beta_FCPCA,0.6875,0.7090909090909091,0.6875,0.5454545454545454,0.625,0.5818181818181818,0.6875,0.6909090909090909,0.8125,0.6181818181818182
Panic_AEI_HighBeta_FC,0.5625,0.6545454545454545,0.5625,0.32727272727272727,0.6875,0.6181818181818182,0.625,0.6545454545454545,0.75,0.8363636363636363
Panic_AEI_HighBeta_FCPCA,0.5625,0.6727272727272727,0.6875,0.5727272727272726,0.75,0.7909090909090909,0.5,0.6363636363636364,0.8125,0.6454545454545454
Panic_AEI_Gamma_FC,0.4375,0.4727272727272727,0.6875,0.4272727272727273,0.6875,0.47272727272727283,0.4375,0.4,0.75,0.6636363636363636
Panic_AEI_Gamma_FCPCA,0.5,0.5636363636363636,0.75,0.6545454545454545,0.625,0.5454545454545454,0.5,0.509090909090909,0.625,0.6454545454545455
Panic_AEI_All_FC,0.1875,0.12727272727272726,0.5,0.42727272727272725,0.5,0.35454545454545455,0.1875,0.18181818181818182,0.25,0.21818181818181817
Panic_AEI_All_FCPCA,0.625,0.6363636363636364,0.6875,0.6909090909090909,0.6875,0.6818181818181818,0.4375,0.3636363636363637,0.6875,0.6181818181818182
PTSD_AEI_Delta_FC,0.4666666666666667,0.5454545454545455,0.5333333333333333,0.4318181818181818,0.5333333333333333,0.2727272727272727,0.5333333333333333,0.5,0.7333333333333333,0.6704545454545454
PTSD_AEI_Delta_FCPCA,0.8,0.7499999999999999,0.7333333333333333,0.6931818181818182,0.7333333333333333,0.5568181818181819,0.8,0.7045454545454545,0.8,0.5681818181818181
PTSD_AEI_Theta_FC,0.7333333333333333,0.7727272727272727,0.6666666666666666,0.6136363636363635,0.6,0.48863636363636365,0.7333333333333333,0.6590909090909091,0.6666666666666666,0.5
PTSD_AEI_Theta_FCPCA,0.8666666666666667,0.8636363636363636,0.6,0.6818181818181818,0.8,0.7159090909090909,0.8666666666666667,0.9772727272727273,0.6,0.34090909090909094
PTSD_AEI_Alpha_FC,0.6,0.45454545454545453,0.6,0.20454545454545456,0.7333333333333333,0.36363636363636365,0.5333333333333333,0.4090909090909091,0.6,0.5681818181818181
PTSD_AEI_Alpha_FCPCA,0.6666666666666666,0.5909090909090908,0.7333333333333333,0.36363636363636365,0.8,0.7954545454545455,0.7333333333333333,0.5681818181818181,0.8,0.7045454545454546
PTSD_AEI_Beta_FC,0.6,0.5681818181818181,0.6666666666666666,0.5568181818181819,0.5333333333333333,0.5681818181818181,0.5333333333333333,0.5227272727272727,0.6666666666666666,0.39772727272727276
PTSD_AEI_Beta_FCPCA,0.8,0.7272727272727273,0.6666666666666666,0.5909090909090909,0.8,0.6931818181818182,0.7333333333333333,0.7727272727272727,0.7333333333333333,0.6363636363636364
PTSD_AEI_HighBeta_FC,0.4666666666666667,0.5454545454545454,0.7333333333333333,0.5909090909090909,0.6,0.45454545454545453,0.5333333333333333,0.4772727272727273,0.7333333333333333,0.7727272727272727
PTSD_AEI_HighBeta_FCPCA,0.6666666666666666,0.8181818181818182,0.7333333333333333,0.6704545454545454,0.7333333333333333,0.48863636363636365,0.8,0.8181818181818181,0.6,0.5340909090909092
PTSD_AEI_Gamma_FC,0.4,0.29545454545454547,0.7333333333333333,0.6590909090909091,0.7333333333333333,0.4886363636363636,0.5333333333333333,0.3181818181818182,0.6666666666666666,0.6136363636363636
PTSD_AEI_Gamma_FCPCA,0.8666666666666667,0.7272727272727273,0.7333333333333333,0.46590909090909094,0.7333333333333333,0.6590909090909091,0.8,0.8181818181818181,0.6666666666666666,0.36363636363636365
PTSD_AEI_All_FC,0.4,0.3181818181818182,0.6666666666666666,0.7954545454545455,0.6666666666666666,0.3181818181818182,0.3333333333333333,0.25,0.6666666666666666,0.75
PTSD_AEI_All_FCPCA,0.5333333333333333,0.5909090909090908,0.7333333333333333,0.6590909090909091,0.6666666666666666,0.38636363636363635,0.6,0.6363636363636364,0.8,0.8181818181818181
Social_AEI_Delta_FC,0.4,0.6607142857142857,0.5333333333333333,0.7589285714285714,0.5333333333333333,0.43749999999999994,0.4666666666666667,0.3392857142857143,0.5333333333333333,0.4910714285714286
Social_AEI_Delta_FCPCA,0.7333333333333333,0.7678571428571429,0.6,0.7589285714285714,0.6,0.7946428571428572,0.7333333333333333,0.7321428571428572,0.7333333333333333,0.8035714285714285
Social_AEI_Theta_FC,0.6666666666666666,0.39285714285714285,0.4666666666666667,0.36607142857142855,0.5333333333333333,0.4553571428571429,0.6,0.6071428571428571,0.5333333333333333,0.42857142857142855
Social_AEI_Theta_FCPCA,0.6,0.8035714285714286,0.6,0.7321428571428572,0.6666666666666666,0.6071428571428572,0.6,0.7678571428571428,0.4666666666666667,0.4375
Social_AEI_Alpha_FC,0.4666666666666667,0.5178571428571428,0.6,0.4375,0.6,0.3482142857142857,0.4,0.33928571428571425,0.5333333333333333,0.5892857142857143
Social_AEI_Alpha_FCPCA,0.6,0.6607142857142858,0.5333333333333333,0.5,0.6666666666666666,0.7142857142857143,0.6666666666666666,0.6964285714285714,0.7333333333333333,0.7678571428571429
Social_AEI_Beta_FC,0.6666666666666666,0.7678571428571428,0.5333333333333333,0.4821428571428571,0.4666666666666667,0.5267857142857142,0.6666666666666666,0.6607142857142857,0.6666666666666666,0.6964285714285714
Social_AEI_Beta_FCPCA,0.4666666666666667,0.6428571428571428,0.7333333333333333,0.6964285714285714,0.4666666666666667,0.5089285714285714,0.4666666666666667,0.6428571428571428,0.5333333333333333,0.45535714285714285
Social_AEI_HighBeta_FC,0.4,0.5714285714285714,0.5333333333333333,0.6696428571428572,0.6666666666666666,0.7767857142857143,0.6,0.5714285714285714,0.6,0.5982142857142857
Social_AEI_HighBeta_FCPCA,0.6,0.6607142857142857,0.4,0.4017857142857143,0.6666666666666666,0.4464285714285714,0.6,0.6071428571428572,0.5333333333333333,0.6875
Social_AEI_Gamma_FC,0.4,0.49999999999999994,0.6,0.7142857142857142,0.6666666666666666,0.5803571428571428,0.4,0.39285714285714285,0.5333333333333333,0.5714285714285714
Social_AEI_Gamma_FCPCA,0.6666666666666666,0.75,0.6,0.6517857142857143,0.7333333333333333,0.8303571428571428,0.8,0.7857142857142857,0.8,0.7321428571428571
Social_AEI_All_FC,0.4666666666666667,0.5892857142857142,0.5333333333333333,0.7053571428571428,0.6666666666666666,0.5803571428571428,0.4666666666666667,0.5178571428571428,0.5333333333333333,0.6875
Social_AEI_All_FCPCA,0.8,0.875,0.5333333333333333,0.5357142857142857,0.4666666666666667,0.6160714285714286,0.8,0.8392857142857143,0.5333333333333333,0.5625
Acute.csv_Delta_FC,0.6153846153846154,0.6111111111111112,0.8461538461538461,0.6388888888888888,0.7692307692307693,0.7638888888888888,0.6923076923076923,0.6388888888888888,0.8461538461538461,0.6666666666666667
Acute.csv_Delta_FCPCA,0.6923076923076923,0.625,0.6923076923076923,0.4444444444444444,0.6923076923076923,0.6527777777777778,0.6923076923076923,0.5833333333333334,0.6923076923076923,0.4861111111111111
Acute.csv_Theta_FC,0.6923076923076923,0.5909090909090909,0.6153846153846154,0.4772727272727273,0.6923076923076923,0.09090909090909094,0.6923076923076923,0.6818181818181818,0.8461538461538461,0.2272727272727273
Acute.csv_Theta_FCPCA,0.8461538461538461,0.5,0.8461538461538461,0.5454545454545454,0.8461538461538461,0.8863636363636364,0.8461538461538461,0.5,0.8461538461538461,0.6363636363636364
Acute.csv_Alpha_FC,0.9230769230769231,1.0,0.7692307692307693,0.9166666666666666,0.8461538461538461,0.85,0.7692307692307693,0.8666666666666666,0.7692307692307693,0.5666666666666667
Acute.csv_Alpha_FCPCA,0.7692307692307693,0.7666666666666666,0.7692307692307693,0.55,0.23076923076923078,0.7166666666666667,0.7692307692307693,0.7333333333333334,0.7692307692307693,0.9
Acute.csv_Beta_FC,0.8461538461538461,0.9166666666666666,0.7692307692307693,0.7916666666666666,0.6923076923076923,0.8055555555555556,0.8461538461538461,0.8888888888888888,0.7692307692307693,0.8194444444444445
Acute.csv_Beta_FCPCA,0.6153846153846154,0.7222222222222222,0.6923076923076923,0.5555555555555556,0.6153846153846154,0.7916666666666667,0.6923076923076923,0.75,0.6923076923076923,0.6944444444444444
Acute.csv_HighBeta_FC,0.8461538461538461,1.0,0.7692307692307693,0.7916666666666666,0.9230769230769231,1.0,0.9230769230769231,0.9166666666666666,0.9230769230769231,1.0
Acute.csv_HighBeta_FCPCA,0.6923076923076923,0.5833333333333333,0.9230769230769231,0.5,0.9230769230769231,1.0,0.6923076923076923,0.75,0.9230769230769231,0.41666666666666663
Acute.csv_Gamma_FC,0.7692307692307693,0.8333333333333333,0.8461538461538461,0.6333333333333333,0.8461538461538461,0.9333333333333333,0.7692307692307693,0.9333333333333333,0.8461538461538461,0.7666666666666666
Acute.csv_Gamma_FCPCA,0.7692307692307693,0.8,0.7692307692307693,0.5,0.6923076923076923,0.3999999999999999,0.7692307692307693,0.6666666666666666,0.7692307692307693,0.5
Acute.csv_All_FC,0.9230769230769231,1.0,0.8461538461538461,0.75,0.8461538461538461,0.9166666666666666,0.9230769230769231,1.0,0.8461538461538461,0.75
Acute.csv_All_FCPCA,0.9230769230769231,0.8333333333333334,0.9230769230769231,0.25,0.38461538461538464,0.8333333333333334,0.9230769230769231,0.9166666666666666,0.9230769230769231,1.0
Panic.csv_Delta_FC,0.75,0.9206349206349207,0.75,0.7777777777777778,0.8125,0.8571428571428571,0.75,0.8888888888888888,0.75,0.9523809523809524
Panic.csv_Delta_FCPCA,0.5625,0.5,0.5625,0.5952380952380953,0.5,0.4206349206349207,0.5625,0.873015873015873,0.5625,0.19047619047619047
Panic.csv_Theta_FC,0.6875,0.873015873015873,0.6875,0.7301587301587301,0.6875,0.8095238095238095,0.6875,0.7142857142857143,0.75,0.9206349206349206
Panic.csv_Theta_FCPCA,0.5625,0.5,0.5625,0.6666666666666667,0.5625,0.8015873015873016,0.5625,0.9365079365079365,0.5625,0.6746031746031746
Panic.csv_Alpha_FC,0.8125,0.90625,0.5625,0.7109375,0.5,0.7890625,0.8125,0.96875,0.75,0.859375
Panic.csv_Alpha_FCPCA,0.5,0.5,0.5,0.578125,0.5,0.453125,0.5,0.984375,0.5,0.7734375
Panic.csv_Beta_FC,0.8125,0.859375,0.5,0.6328125,0.75,0.75,0.75,0.828125,0.625,0.6875
Panic.csv_Beta_FCPCA,0.5,0.625,0.5,0.5625,0.5,0.546875,0.5,0.859375,0.5,0.5
Panic.csv_HighBeta_FC,0.6875,0.7090909090909091,0.5625,0.8545454545454546,0.6875,0.6818181818181819,0.8125,0.709090909090909,0.625,0.6272727272727273
Panic.csv_HighBeta_FCPCA,0.6875,0.5,0.6875,0.5,0.4375,0.5363636363636364,0.6875,0.9454545454545454,0.6875,0.609090909090909
Panic.csv_Gamma_FC,0.75,0.875,0.5,0.6015625,0.5625,0.6484375,0.8125,0.734375,0.6875,0.8203125
Panic.csv_Gamma_FCPCA,0.5,0.5,0.5,0.375,0.375,0.390625,0.5,0.8125,0.5,0.359375
Panic.csv_All_FC,0.8125,0.8181818181818181,0.5,0.5,0.8125,0.8909090909090909,0.8125,0.8363636363636364,0.8125,0.8727272727272727
Panic.csv_All_FCPCA,0.6875,0.5,0.6875,0.6090909090909091,0.75,0.44545454545454555,0.6875,0.7272727272727273,0.6875,0.40909090909090906
Social.csv_Delta_FC,0.8666666666666667,0.7777777777777778,1.0,1.0,0.8666666666666667,0.875,0.9333333333333333,0.75,0.8666666666666667,0.9444444444444445
Social.csv_Delta_FCPCA,0.8,0.5,0.8,0.736111111111111,0.8,0.4305555555555555,0.8,0.9722222222222222,0.8,0.6111111111111112
Social.csv_Theta_FC,0.8666666666666667,0.9444444444444444,0.8666666666666667,0.8796296296296297,0.8,0.8703703703703703,1.0,1.0,0.8,0.9074074074074074
Social.csv_Theta_FCPCA,0.6,0.5,0.6,0.5277777777777778,0.6,0.4444444444444444,0.6,0.9629629629629629,0.6,0.4166666666666667
Social.csv_Alpha_FC,0.6666666666666666,0.8,0.6,0.78,0.7333333333333333,0.8200000000000001,0.6666666666666666,0.68,0.8666666666666667,0.8600000000000001
Social.csv_Alpha_FCPCA,0.6666666666666666,0.5,0.6666666666666666,0.45000000000000007,0.6666666666666666,0.65,0.6666666666666666,0.86,0.6666666666666666,0.5499999999999999
Social.csv_Beta_FC,0.8,0.96,0.5333333333333333,0.49000000000000005,0.7333333333333333,0.78,0.8666666666666667,0.86,0.8666666666666667,0.9600000000000001
Social.csv_Beta_FCPCA,0.6666666666666666,0.5,0.6666666666666666,0.7500000000000001,0.6666666666666666,0.5399999999999999,0.6666666666666666,0.8799999999999999,0.6666666666666666,0.29000000000000004
Social.csv_HighBeta_FC,0.8666666666666667,0.9642857142857143,0.5333333333333333,0.5625,0.8666666666666667,0.8571428571428571,0.9333333333333333,1.0,0.9333333333333333,1.0
Social.csv_HighBeta_FCPCA,0.5333333333333333,0.5,0.5333333333333333,0.5,0.4,0.41964285714285715,0.5333333333333333,0.8571428571428571,0.5333333333333333,0.4821428571428571
Social.csv_Gamma_FC,0.8,0.9659090909090908,0.8,0.7954545454545455,0.8666666666666667,0.9545454545454545,0.7333333333333333,0.8863636363636362,1.0,1.0
Social.csv_Gamma_FCPCA,0.7333333333333333,0.5,0.7333333333333333,0.5,0.7333333333333333,0.3522727272727273,0.7333333333333333,0.9318181818181818,0.7333333333333333,0.7272727272727272
Social.csv_All_FC,0.8,0.875,0.6,0.6339285714285714,0.6666666666666666,0.8571428571428571,0.8,0.8392857142857143,0.7333333333333333,0.8928571428571428
Social.csv_All_FCPCA,0.5333333333333333,0.5,0.5333333333333333,0.5535714285714286,0.4666666666666667,0.4821428571428571,0.5333333333333333,0.8035714285714286,0.5333333333333333,0.7321428571428572
Depressive.csv_Delta_FC,0.7241379310344828,0.7207792207792207,0.7931034482758621,0.672077922077922,0.7586206896551724,0.7077922077922078,0.6896551724137931,0.7337662337662338,0.7931034482758621,0.8214285714285714
Depressive.csv_Delta_FCPCA,0.2413793103448276,0.5,0.4482758620689655,0.5064935064935066,0.3448275862068966,0.5941558441558442,0.2413793103448276,0.7922077922077922,0.7241379310344828,0.39935064935064934
Depressive.csv_Theta_FC,0.7586206896551724,0.7892156862745099,0.6551724137931034,0.8897058823529412,0.7241379310344828,0.8970588235294118,0.6551724137931034,0.7352941176470589,0.8620689655172413,0.9313725490196079
Depressive.csv_Theta_FCPCA,0.41379310344827586,0.5,0.5862068965517241,0.42401960784313725,0.41379310344827586,0.428921568627451,0.41379310344827586,0.8333333333333333,0.5862068965517241,0.5122549019607843
Depressive.csv_Alpha_FC,0.8275862068965517,0.7976190476190476,0.7241379310344828,0.8541666666666667,0.8275862068965517,0.9166666666666667,0.5517241379310345,0.6904761904761905,0.8620689655172413,0.9523809523809523
Depressive.csv_Alpha_FCPCA,0.27586206896551724,0.5,0.6551724137931034,0.5119047619047619,0.27586206896551724,0.8422619047619048,0.27586206896551724,0.8392857142857142,0.6896551724137931,0.5357142857142857
Depressive.csv_Beta_FC,0.7586206896551724,0.7105263157894737,0.5862068965517241,0.6105263157894737,0.7241379310344828,0.9105263157894737,0.8620689655172413,0.8105263157894737,0.8275862068965517,0.9105263157894737
Depressive.csv_Beta_FCPCA,0.3448275862068966,0.5263157894736842,0.6551724137931034,0.37894736842105264,0.5517241379310345,0.4236842105263158,0.3448275862068966,0.8789473684210527,0.6551724137931034,0.6052631578947367
Depressive.csv_HighBeta_FC,0.7586206896551724,0.7608695652173914,0.7586206896551724,0.6521739130434783,0.8275862068965517,0.7753623188405797,0.6206896551724138,0.644927536231884,0.8275862068965517,0.8695652173913043
Depressive.csv_HighBeta_FCPCA,0.20689655172413793,0.5,0.7931034482758621,0.5,0.27586206896551724,0.6086956521739131,0.20689655172413793,0.7028985507246377,0.3103448275862069,0.44202898550724645
Depressive.csv_Gamma_FC,0.6551724137931034,0.6476190476190475,0.5862068965517241,0.5428571428571429,0.7241379310344828,0.8904761904761905,0.6551724137931034,0.5857142857142856,0.7586206896551724,0.8952380952380952
Depressive.csv_Gamma_FCPCA,0.4827586206896552,0.5,0.7241379310344828,0.7333333333333334,0.4827586206896552,0.6333333333333333,0.4827586206896552,0.8952380952380952,0.5172413793103449,0.4
Depressive.csv_All_FC,0.7586206896551724,0.7678571428571428,0.6551724137931034,0.5476190476190477,0.7931034482758621,0.8273809523809523,0.6896551724137931,0.6636904761904762,0.8620689655172413,0.9226190476190476
Depressive.csv_All_FCPCA,0.3448275862068966,0.6577380952380952,0.7241379310344828,0.4583333333333333,0.3103448275862069,0.5535714285714286,0.3103448275862069,0.7440476190476191,0.7241379310344828,0.4107142857142857
Adjustment.csv_Delta_FC,0.7857142857142857,0.9111111111111111,0.6428571428571429,0.6000000000000001,0.7142857142857143,0.7777777777777778,0.7857142857142857,0.9555555555555555,0.7142857142857143,0.9333333333333332
Adjustment.csv_Delta_FCPCA,0.6428571428571429,0.5,0.6428571428571429,0.5,0.5714285714285714,0.5555555555555556,0.6428571428571429,0.8666666666666667,0.6428571428571429,0.4777777777777778
Adjustment.csv_Theta_FC,0.8571428571428571,1.0,1.0,1.0,0.7857142857142857,0.8846153846153846,0.7857142857142857,0.9230769230769231,0.9285714285714286,1.0
Adjustment.csv_Theta_FCPCA,0.9285714285714286,0.5,0.9285714285714286,0.5,0.2857142857142857,0.23076923076923073,0.9285714285714286,1.0,0.9285714285714286,0.46153846153846156
Adjustment.csv_Alpha_FC,0.7857142857142857,0.9375,0.5714285714285714,0.75,0.7142857142857143,0.8229166666666666,0.7142857142857143,0.7083333333333333,0.7857142857142857,0.9791666666666666
Adjustment.csv_Alpha_FCPCA,0.5714285714285714,0.5,0.5714285714285714,0.5208333333333334,0.6428571428571429,0.5625,0.5714285714285714,0.8958333333333334,0.5714285714285714,0.48958333333333337
Adjustment.csv_Beta_FC,0.7857142857142857,0.8367346938775511,0.5714285714285714,0.7142857142857143,0.7142857142857143,0.8673469387755102,0.7142857142857143,0.6938775510204082,0.7857142857142857,0.9591836734693877
Adjustment.csv_Beta_FCPCA,0.5,0.5,0.5,0.35714285714285715,0.5,0.5408163265306123,0.5,0.8367346938775511,0.5,0.5
Adjustment.csv_HighBeta_FC,0.8571428571428571,0.9696969696969697,0.7857142857142857,0.5,0.9285714285714286,1.0,0.8571428571428571,0.8787878787878787,0.9285714285714286,0.9696969696969697
Adjustment.csv_HighBeta_FCPCA,0.7857142857142857,0.5,0.7857142857142857,0.7424242424242422,0.6428571428571429,0.5606060606060606,0.7857142857142857,0.9696969696969697,0.7857142857142857,0.7272727272727273
Adjustment.csv_Gamma_FC,0.6428571428571429,0.9166666666666666,0.7857142857142857,0.27083333333333337,0.8571428571428571,0.9583333333333333,0.7142857142857143,1.0,0.8571428571428571,0.875
Adjustment.csv_Gamma_FCPCA,0.8571428571428571,0.5,0.8571428571428571,0.7916666666666666,0.5,0.5,0.8571428571428571,0.9583333333333333,0.8571428571428571,0.6041666666666666
Adjustment.csv_All_FC,0.5714285714285714,0.6666666666666666,0.7142857142857143,0.4696969696969696,0.7142857142857143,0.7575757575757576,0.5714285714285714,0.606060606060606,0.7857142857142857,0.8333333333333334
Adjustment.csv_All_FCPCA,0.7857142857142857,0.5,0.7857142857142857,0.5,0.42857142857142855,0.5303030303030303,0.7857142857142857,0.606060606060606,0.7857142857142857,0.5454545454545454
Bipolar.csv_Delta_FC,0.625,0.8363636363636363,0.5,0.3363636363636364,0.6875,0.7454545454545454,0.6875,0.8181818181818181,0.5625,0.7636363636363637
Bipolar.csv_Delta_FCPCA,0.6875,0.5,0.3125,0.5727272727272728,0.5,0.4363636363636364,0.6875,0.7454545454545454,0.6875,0.4
Bipolar.csv_Theta_FC,0.6875,0.7,0.6875,0.7083333333333333,0.8125,0.8666666666666667,0.8125,0.7833333333333333,0.75,0.8500000000000001
Bipolar.csv_Theta_FCPCA,0.625,0.5,0.375,0.5583333333333333,0.5625,0.3416666666666666,0.625,0.9500000000000001,0.625,0.4583333333333333
Bipolar.csv_Alpha_FC,0.75,0.8253968253968255,0.6875,0.8571428571428572,0.5625,0.9285714285714286,0.875,0.8888888888888888,0.8125,0.8333333333333334
Bipolar.csv_Alpha_FCPCA,0.4375,0.5,0.5,0.5317460317460317,0.4375,0.3650793650793651,0.4375,0.8095238095238095,0.4375,0.5634920634920635
Bipolar.csv_Beta_FC,0.6875,0.8333333333333333,0.5625,0.6166666666666667,0.8125,0.8999999999999999,0.6875,0.8666666666666666,0.875,0.975
Bipolar.csv_Beta_FCPCA,0.625,0.5,0.625,0.5833333333333333,0.625,0.375,0.625,0.9166666666666666,0.625,0.5
Bipolar.csv_HighBeta_FC,0.75,0.8666666666666666,0.5,0.5499999999999999,0.75,0.775,0.75,0.8833333333333334,0.9375,0.9500000000000001
Bipolar.csv_HighBeta_FCPCA,0.625,0.5,0.625,0.3,0.625,0.3833333333333333,0.625,0.8666666666666666,0.625,0.5
Bipolar.csv_Gamma_FC,0.5,0.5,0.4375,0.40625,0.4375,0.5859375,0.625,0.453125,0.75,0.828125
Bipolar.csv_Gamma_FCPCA,0.5,0.5625,0.5,0.5625,0.5,0.453125,0.5,0.53125,0.5,0.5
Bipolar.csv_All_FC,0.75,0.8412698412698413,0.5,0.5555555555555556,0.75,0.9285714285714285,0.75,0.8253968253968255,0.8125,0.9206349206349207
Bipolar.csv_All_FCPCA,0.4375,0.7142857142857143,0.625,0.6666666666666666,0.4375,0.5634920634920636,0.4375,0.7936507936507937,0.4375,0.5158730158730158
Behavioral.csv_Delta_FC,0.7368421052631579,0.8,0.5263157894736842,0.5611111111111111,0.631578947368421,0.7111111111111111,0.6842105263157895,0.7555555555555555,0.631578947368421,0.7222222222222222
Behavioral.csv_Delta_FCPCA,0.47368421052631576,0.5,0.47368421052631576,0.4555555555555556,0.5263157894736842,0.7277777777777777,0.47368421052631576,0.7777777777777778,0.47368421052631576,0.75
Behavioral.csv_Theta_FC,0.5263157894736842,0.6888888888888889,0.5789473684210527,0.7888888888888889,0.6842105263157895,0.7999999999999999,0.5789473684210527,0.6111111111111112,0.6842105263157895,0.8
Behavioral.csv_Theta_FCPCA,0.5263157894736842,0.5555555555555556,0.5263157894736842,0.5222222222222221,0.631578947368421,0.6333333333333333,0.5263157894736842,0.7111111111111111,0.5263157894736842,0.5444444444444444
Behavioral.csv_Alpha_FC,0.5263157894736842,0.7307692307692308,0.5263157894736842,0.4038461538461538,0.42105263157894735,0.5448717948717949,0.631578947368421,0.7435897435897436,0.47368421052631576,0.5192307692307692
Behavioral.csv_Alpha_FCPCA,0.6842105263157895,0.5,0.6842105263157895,0.4487179487179487,0.7368421052631579,0.673076923076923,0.6842105263157895,0.6282051282051282,0.631578947368421,0.5320512820512819
Behavioral.csv_Beta_FC,0.631578947368421,0.7692307692307692,0.631578947368421,0.6538461538461539,0.5789473684210527,0.6602564102564102,0.5789473684210527,0.7051282051282051,0.8947368421052632,0.9871794871794872
Behavioral.csv_Beta_FCPCA,0.6842105263157895,0.5,0.6842105263157895,0.4487179487179487,0.6842105263157895,0.5641025641025641,0.6842105263157895,0.7564102564102564,0.6842105263157895,0.8461538461538461
Behavioral.csv_HighBeta_FC,0.5789473684210527,0.5499999999999999,0.47368421052631576,0.55,0.5789473684210527,0.6444444444444445,0.6842105263157895,0.6222222222222222,0.7368421052631579,0.8
Behavioral.csv_HighBeta_FCPCA,0.5263157894736842,0.5,0.5263157894736842,0.5055555555555555,0.5789473684210527,0.5222222222222223,0.5263157894736842,0.5666666666666667,0.5789473684210527,0.5555555555555556
Behavioral.csv_Gamma_FC,0.47368421052631576,0.41666666666666663,0.3684210526315789,0.3392857142857143,0.631578947368421,0.5654761904761905,0.47368421052631576,0.39285714285714285,0.5789473684210527,0.5476190476190476
Behavioral.csv_Gamma_FCPCA,0.631578947368421,0.4583333333333333,0.5789473684210527,0.3214285714285714,0.47368421052631576,0.5833333333333334,0.631578947368421,0.47619047619047616,0.3684210526315789,0.38690476190476186
Behavioral.csv_All_FC,0.7894736842105263,0.8295454545454546,0.7894736842105263,0.8579545454545455,0.8421052631578947,0.8352272727272728,0.7894736842105263,0.8068181818181819,0.7368421052631579,0.875
Behavioral.csv_All_FCPCA,0.5789473684210527,0.5,0.42105263157894735,0.4659090909090909,0.5263157894736842,0.4431818181818182,0.5789473684210527,0.7727272727272727,0.3157894736842105,0.3522727272727273
PTSD.csv_Delta_FC,0.8666666666666667,0.8571428571428571,0.6,0.6696428571428572,0.8666666666666667,0.9732142857142857,0.8666666666666667,0.8928571428571428,0.8,0.9285714285714286
PTSD.csv_Delta_FCPCA,0.5333333333333333,0.5714285714285714,0.5333333333333333,0.625,0.6666666666666666,0.6607142857142857,0.5333333333333333,0.8928571428571428,0.5333333333333333,0.42857142857142855
PTSD.csv_Theta_FC,0.8,0.9464285714285714,0.6666666666666666,0.7321428571428572,0.7333333333333333,0.9107142857142857,0.8,0.9464285714285714,0.8,0.9642857142857143
PTSD.csv_Theta_FCPCA,0.5333333333333333,0.5,0.5333333333333333,0.44642857142857134,0.7333333333333333,0.8214285714285714,0.5333333333333333,0.9642857142857143,0.6,0.8303571428571428
PTSD.csv_Alpha_FC,1.0,1.0,0.6666666666666666,0.6923076923076923,0.9333333333333333,0.9615384615384616,1.0,1.0,0.9333333333333333,1.0
PTSD.csv_Alpha_FCPCA,0.8666666666666667,0.5,0.8666666666666667,0.6346153846153846,0.8,0.7307692307692307,0.8666666666666667,1.0,0.8666666666666667,0.8076923076923076
PTSD.csv_Beta_FC,0.8,0.8055555555555556,0.8,0.8472222222222222,0.8666666666666667,0.9027777777777778,0.9333333333333333,0.861111111111111,0.8,0.9444444444444445
PTSD.csv_Beta_FCPCA,0.8,0.5,0.8,0.861111111111111,0.8,0.5555555555555555,0.8,0.888888888888889,0.8,0.6666666666666666
PTSD.csv_HighBeta_FC,0.7333333333333333,0.8214285714285714,0.8,0.8660714285714285,0.9333333333333333,0.9910714285714286,0.7333333333333333,0.8035714285714286,1.0,1.0
PTSD.csv_HighBeta_FCPCA,0.5333333333333333,0.5,0.5333333333333333,0.5,0.8,0.75,0.5333333333333333,1.0,0.6,0.75
PTSD.csv_Gamma_FC,0.6666666666666666,0.8333333333333334,0.5333333333333333,0.7222222222222222,0.7333333333333333,0.8703703703703705,0.8,0.8148148148148148,0.8,0.9814814814814815
PTSD.csv_Gamma_FCPCA,0.4,0.5,0.4,0.4814814814814815,0.3333333333333333,0.42592592592592593,0.4,0.888888888888889,0.4,0.40740740740740744
PTSD.csv_All_FC,0.8,0.8181818181818182,0.6666666666666666,0.5681818181818181,0.6666666666666666,0.7500000000000001,0.7333333333333333,0.7954545454545454,0.8666666666666667,0.8977272727272727
PTSD.csv_All_FCPCA,0.7333333333333333,0.5681818181818181,0.7333333333333333,0.36363636363636365,0.5333333333333333,0.5454545454545454,0.7333333333333333,0.75,0.7333333333333333,0.9090909090909091
Alcohol.csv_Delta_FC,0.5263157894736842,0.5666666666666667,0.6842105263157895,0.6944444444444444,0.631578947368421,0.7,0.47368421052631576,0.5444444444444445,0.5789473684210527,0.6444444444444444
Alcohol.csv_Delta_FCPCA,0.47368421052631576,0.5,0.47368421052631576,0.4833333333333334,0.631578947368421,0.6055555555555556,0.47368421052631576,0.4444444444444445,0.5263157894736842,0.5222222222222223
Alcohol.csv_Theta_FC,0.8421052631578947,0.9545454545454546,0.47368421052631576,0.6022727272727273,0.7368421052631579,0.8409090909090909,0.9473684210526315,0.9772727272727273,0.8421052631578947,0.9545454545454546
Alcohol.csv_Theta_FCPCA,0.5789473684210527,0.5,0.5789473684210527,0.7727272727272727,0.631578947368421,0.5284090909090908,0.5789473684210527,0.8863636363636362,0.7894736842105263,0.75
Alcohol.csv_Alpha_FC,0.7894736842105263,0.7888888888888889,0.631578947368421,0.7277777777777777,0.6842105263157895,0.85,0.7894736842105263,0.8888888888888888,0.631578947368421,0.7833333333333332
Alcohol.csv_Alpha_FCPCA,0.5263157894736842,0.5,0.5263157894736842,0.6722222222222222,0.42105263157894735,0.37222222222222223,0.5263157894736842,0.9222222222222222,0.5789473684210527,0.7
Alcohol.csv_Beta_FC,0.631578947368421,0.7555555555555555,0.8421052631578947,0.7722222222222221,0.7368421052631579,0.9222222222222222,0.8421052631578947,0.8888888888888888,0.7368421052631579,0.8555555555555556
Alcohol.csv_Beta_FCPCA,0.5263157894736842,0.5,0.5263157894736842,0.5777777777777777,0.47368421052631576,0.4611111111111111,0.5263157894736842,0.8,0.42105263157894735,0.4
Alcohol.csv_HighBeta_FC,0.7368421052631579,0.8,0.5263157894736842,0.5555555555555556,0.5789473684210527,0.6388888888888888,0.5263157894736842,0.7,0.6842105263157895,0.6777777777777778
Alcohol.csv_HighBeta_FCPCA,0.5263157894736842,0.45,0.3684210526315789,0.36111111111111116,0.5263157894736842,0.6333333333333334,0.5263157894736842,0.8333333333333333,0.47368421052631576,0.4722222222222222
Alcohol.csv_Gamma_FC,0.5789473684210527,0.6931818181818181,0.47368421052631576,0.5568181818181819,0.5263157894736842,0.5454545454545454,0.7894736842105263,0.75,0.7368421052631579,0.8295454545454546
Alcohol.csv_Gamma_FCPCA,0.42105263157894735,0.5,0.42105263157894735,0.6875,0.42105263157894735,0.5795454545454546,0.42105263157894735,0.8409090909090908,0.42105263157894735,0.5170454545454546
Alcohol.csv_All_FC,0.6842105263157895,0.7571428571428571,0.8421052631578947,0.85,0.7894736842105263,0.7214285714285713,0.631578947368421,0.7428571428571429,0.8421052631578947,0.8999999999999999
Alcohol.csv_All_FCPCA,0.7368421052631579,0.5,0.631578947368421,0.5,0.7368421052631579,0.5428571428571429,0.7368421052631579,0.7142857142857143,0.5789473684210527,0.6214285714285714
